time,mean,variance,min,max,median,skewness,kurtosis,rms,dynamic_feature,entropy,power_band,Anomaly,Anomaly_Score
0.0,-106.26171875,19292.710234222115,-581,649,-109.0,0.4902126411728685,3.5011605144702878,174.77580505107107,2.5437094448449877,-4513.306308875582,2383240570.335464,0,-0.034171283577867695
0.5,-105.46484375,22932.578017979453,-585,649,-109.0,0.23890964696309855,2.264245676199016,184.41968738111993,2.934025989631613,-4695.892080651565,2827074483.5134206,0,-0.08975246353331784
1.0,-103.126953125,39788.76075938723,-909,655,-107.0,0.17355949985243577,2.651895100045985,224.37962651915393,4.379514174992276,-4938.723594352732,4901249964.791838,0,-0.06734892358425748
1.5,-105.1015625,58444.89377446184,-986,889,-115.5,0.1848027412058823,2.224889283394156,263.39529614488185,2.3588866572824747,-5209.308216762574,7119800253.355324,0,-0.03964712422665034
2.0,-96.123046875,83605.61888071796,-1049,889,-106.0,0.20267761082320573,1.504675918520698,304.43713110735195,8.749171194252757,-5332.976662344003,10146703709.34286,1,0.022780855718578408
